{"cameraMode":{"drawMode":0,"name":"Shaded","section":"Shading Mode"},"sceneLighting":true,"audioPlay":false,"sceneViewState":{"m_AlwaysRefresh":false,"showFog":true,"showSkybox":true,"showFlares":true,"showImageEffects":true,"showParticleSystems":true,"showVisualEffectGraphs":true,"m_FxEnabled":true},"in2DMode":false,"pivot":{"x":0.2934364676475525,"y":1.6640546321868897,"z":1.3896197080612183},"rotation":{"x":0.042728058993816379,"y":0.631863534450531,"z":-0.034919533878564838,"w":0.7731215953826904},"size":1.7735000848770142,"orthographic":true}